{"Il4kyp4lWRvSlunjatKmyA==":"mbr-1630x1080.jpg","waIucvTTpz9FN5xMbO0O4Q==":"mbr-1620x1080.jpg","H5WB+XLSmIvQddxCUE9A+w==":"img-4338-2000x3000.jpg","heOVHjc2yIPDtdcbT+eV/w==":"img-4339-2000x1333.jpg","0YhUZ1HqL3agMeJOOlVzAA==":"img-4347-2000x1333.jpg","x19EKIPcQqx5Tb7u6iVZSA==":"img-4349-2000x1333.jpg","JTv+jzAmmLxREijW2Z9XNw==":"img-4353-2000x3000.jpg","QzvMxWePtI4RGsNYPg9IbA==":"2015-09-9-2000x1333.jpg","wTylmkfR8Elq+NLjPeaJxg==":"mbr-1649x1080.jpg","m1SgiHb5NZSKic2JMzXb7g==":"mbr-1547x1080.jpg"}